candidate_id,gender,age,education_level,years_experience,skills_score,interview_score,university_rank,employment_gap,hired
1,Female,26,Bachelors,5.5,68.3,89.2,2,0,0
2,Male,37,Bachelors,19.7,86.0,92.9,3,0,0
3,Female,31,Bachelors,11.0,43.4,57.1,1,0,0
4,Female,29,Bachelors,9.7,68.3,66.3,1,0,0
5,Male,30,Bachelors,11.7,68.5,76.8,2,1,0
6,Female,32,Bachelors,8.3,59.5,75.3,2,0,1
7,Female,35,Masters,15.7,100.0,74.0,3,0,0
8,Female,25,Bachelors,3.3,68.1,65.5,2,0,0
9,Male,24,Masters,0.0,63.7,42.2,1,0,0
10,Male,38,Bachelors,12.1,69.3,80.6,2,0,0
11,Male,28,Bachelors,4.7,43.0,77.4,2,0,0
12,Female,22,Bachelors,2.2,59.1,62.5,1,0,0
13,Female,34,Bachelors,13.3,81.8,48.5,2,0,0
14,Female,34,Bachelors,13.4,60.8,69.7,1,0,0
15,Male,21,Masters,4.5,58.2,50.2,3,0,0
16,Male,32,Bachelors,8.1,86.0,68.3,3,0,0
17,Female,36,Bachelors,14.9,86.4,84.0,2,0,0
18,Male,33,Bachelors,12.7,75.7,73.7,3,0,0
19,Female,35,Bachelors,12.3,63.1,57.8,3,0,0
20,Female,22,Bachelors,1.1,65.9,57.4,1,0,0
21,Female,33,Bachelors,8.3,58.5,62.7,2,0,0
22,Male,29,Bachelors,11.2,56.1,54.9,2,0,0
23,Female,28,Bachelors,5.4,55.4,46.2,1,1,0
24,Female,37,Masters,20.7,61.0,58.6,2,0,0
25,Female,41,PhD,19.9,55.5,63.6,2,0,0
26,Male,43,Bachelors,24.4,48.7,53.6,3,0,0
27,Male,40,Masters,18.9,71.9,51.6,2,0,0
28,Male,30,Masters,8.9,72.0,80.5,3,1,0
29,Male,33,Bachelors,10.7,91.1,46.2,2,0,0
30,Female,36,Masters,15.3,60.3,56.8,1,0,0
31,Female,32,Masters,11.7,72.8,61.6,3,0,0
32,Female,32,PhD,9.2,73.1,71.0,1,0,0
33,Male,36,PhD,14.7,65.7,71.9,1,0,0
34,Male,31,Bachelors,8.6,78.7,85.8,2,0,0
35,Male,26,Bachelors,10.3,79.1,64.0,2,1,0
36,Male,28,Bachelors,6.8,73.3,76.4,2,1,0
37,Male,35,Bachelors,17.6,65.7,67.5,1,0,0
38,Male,31,Bachelors,9.6,64.4,43.9,2,1,0
39,Male,33,PhD,12.6,51.2,80.0,2,0,0
40,Female,35,Bachelors,11.0,58.5,43.9,1,0,0
41,Male,29,Bachelors,7.0,60.9,67.5,2,1,0
42,Female,36,Masters,15.5,54.4,63.6,1,0,0
43,Female,33,Bachelors,15.6,74.7,73.4,2,0,0
44,Male,23,Bachelors,2.5,84.6,69.6,2,0,0
45,Female,40,PhD,22.2,57.2,70.4,3,0,0
46,Female,28,Bachelors,8.5,72.7,50.3,2,0,0
47,Male,21,Bachelors,3.7,55.6,58.8,2,0,0
48,Male,24,Bachelors,2.9,65.0,58.0,2,0,0
49,Female,24,PhD,8.5,60.0,53.9,3,0,0
50,Male,31,Bachelors,8.9,76.8,76.4,1,0,0
51,Male,29,Bachelors,6.2,60.2,75.0,1,0,0
52,Male,29,Bachelors,5.2,82.2,70.1,2,0,0
53,Female,35,Bachelors,19.4,65.8,74.6,1,0,0
54,Female,33,PhD,13.9,60.6,62.9,1,0,0
55,Female,33,Bachelors,11.2,52.7,47.3,1,0,0
56,Female,34,PhD,15.9,72.3,65.7,2,0,0
57,Male,35,Bachelors,15.6,80.6,69.7,2,1,0
58,Female,21,Bachelors,4.5,72.6,60.6,2,0,0
59,Male,29,Masters,4.4,98.1,88.1,3,0,0
60,Male,21,Bachelors,0.0,87.6,80.0,2,0,0
61,Female,31,Bachelors,8.9,65.0,45.7,3,0,0
62,Male,31,Masters,5.5,64.9,44.9,3,0,0
63,Female,38,Bachelors,19.4,75.1,75.4,3,0,0
64,Female,39,Bachelors,17.4,58.1,51.2,3,0,0
65,Female,32,PhD,12.7,84.2,78.9,2,1,0
66,Female,28,Bachelors,12.4,73.7,78.9,2,0,0
67,Female,34,Bachelors,12.2,72.3,53.5,2,0,0
68,Male,28,Bachelors,6.0,77.9,54.9,1,0,1
69,Male,31,Bachelors,10.3,91.4,99.4,2,1,0
70,Male,37,Bachelors,18.3,71.2,72.4,1,1,0
71,Male,27,Masters,4.7,67.5,61.1,1,0,0
72,Male,36,Bachelors,13.5,88.6,66.5,3,0,0
73,Female,35,Masters,16.4,81.6,67.8,2,0,0
74,Male,25,Bachelors,4.9,64.8,50.4,2,0,0
75,Male,37,Bachelors,11.3,69.1,77.6,2,0,0
76,Male,36,Bachelors,12.2,71.5,59.0,2,0,0
77,Male,32,Masters,14.5,73.7,82.7,3,1,0
78,Female,26,Bachelors,5.9,51.4,52.5,2,0,0
79,Female,25,Bachelors,2.2,48.9,43.4,2,0,0
80,Female,28,Masters,6.6,57.5,55.5,2,0,1
81,Female,35,Bachelors,14.0,56.5,28.6,2,0,0
82,Male,25,Bachelors,5.7,60.6,60.9,2,0,0
83,Female,34,PhD,9.9,77.3,69.5,3,0,0
84,Male,23,Bachelors,0.1,66.8,75.6,2,0,0
85,Male,30,Bachelors,9.6,71.6,45.7,2,0,0
86,Male,32,Bachelors,10.8,53.1,72.1,2,0,0
87,Female,47,Bachelors,27.3,63.0,73.5,2,0,0
88,Male,22,Bachelors,0.0,76.6,86.2,3,0,0
89,Male,41,Masters,20.8,76.7,70.6,3,0,0
90,Female,32,Bachelors,13.5,59.6,73.9,2,1,0
91,Male,34,Masters,14.1,71.1,50.5,2,1,0
92,Female,32,PhD,11.3,97.6,91.2,2,0,0
93,Male,34,Masters,12.8,68.8,57.6,1,0,0
94,Male,30,Masters,7.1,60.0,42.2,2,0,0
95,Male,40,Masters,18.8,66.7,52.2,3,0,0
96,Female,28,PhD,9.9,70.2,67.7,2,0,0
97,Male,38,Bachelors,16.7,67.0,56.0,1,0,0
98,Male,27,Bachelors,4.0,68.6,71.2,3,0,0
99,Male,31,Bachelors,8.9,50.2,34.9,3,0,0
100,Female,24,Bachelors,3.5,56.5,34.5,2,0,0
101,Female,34,Bachelors,12.1,67.1,82.4,2,0,0
102,Female,40,Masters,20.1,66.9,76.6,2,0,0
103,Male,30,Bachelors,10.2,61.6,50.3,3,0,0
104,Female,30,PhD,11.0,66.7,65.6,1,0,0
105,Female,24,Bachelors,6.3,69.8,79.6,1,0,0
106,Female,30,Bachelors,11.3,80.6,78.4,2,0,0
107,Male,21,Bachelors,0.0,67.7,68.0,1,0,0
108,Male,25,Bachelors,1.9,74.2,83.0,2,1,0
109,Male,32,Bachelors,10.8,62.0,54.3,3,0,0
110,Female,40,Bachelors,18.0,76.4,71.4,1,1,0
111,Male,49,Bachelors,25.4,73.9,69.4,2,0,0
112,Male,27,Bachelors,5.0,80.3,69.9,3,0,0
113,Male,40,Bachelors,17.9,78.3,67.4,2,0,0
114,Female,33,Bachelors,10.5,76.7,72.1,2,0,1
115,Male,30,Bachelors,8.3,67.7,66.6,2,0,0
116,Female,34,Bachelors,15.7,72.2,56.1,1,1,0
117,Female,31,Bachelors,10.5,82.8,84.2,1,0,0
118,Female,32,Bachelors,16.7,60.5,50.6,2,0,0
119,Male,28,Bachelors,7.4,60.8,59.8,2,0,0
120,Female,22,Masters,0.3,71.4,64.7,2,0,0
121,Female,21,PhD,0.0,74.4,74.2,1,0,0
122,Female,35,PhD,14.6,58.3,35.6,3,0,0
123,Male,29,Bachelors,9.0,68.0,77.1,1,0,0
124,Male,27,Bachelors,10.8,67.8,58.2,3,0,1
125,Male,31,Bachelors,8.1,40.2,65.7,2,0,0
126,Male,36,Masters,17.0,66.1,59.6,2,0,0
127,Male,32,Masters,11.5,67.0,65.3,2,1,0
128,Male,27,Masters,2.4,66.9,88.8,1,0,0
129,Male,39,Masters,19.8,87.4,73.7,2,0,0
130,Female,41,Bachelors,22.9,53.2,73.1,2,0,0
131,Male,34,Masters,11.0,58.3,61.5,1,0,0
132,Female,37,Masters,16.0,35.0,53.2,2,0,0
133,Female,39,Bachelors,14.0,62.7,64.3,2,0,0
134,Male,38,PhD,14.1,63.9,74.3,1,0,0
135,Female,35,Bachelors,16.4,62.4,55.1,2,0,0
136,Male,35,PhD,12.9,83.4,63.1,1,0,0
137,Female,34,Masters,10.4,80.2,65.4,2,0,0
138,Male,24,Bachelors,3.5,70.0,68.7,1,0,0
139,Female,36,Masters,13.8,64.2,61.7,2,0,0
140,Male,22,Bachelors,0.0,82.3,82.8,2,0,0
141,Male,26,Masters,6.7,68.7,82.4,2,0,0
142,Male,39,Masters,15.3,58.4,49.4,2,1,0
143,Female,36,Masters,12.9,46.7,45.9,3,0,0
144,Female,41,Masters,20.4,63.3,46.6,2,0,0
145,Male,29,Bachelors,10.2,78.8,96.7,3,0,0
146,Male,24,Bachelors,5.8,98.6,86.9,1,0,0
147,Male,29,Bachelors,6.5,69.8,73.1,2,0,0
148,Female,32,Bachelors,13.2,59.1,45.4,1,0,0
149,Male,32,Bachelors,9.2,53.6,58.5,2,0,0
150,Male,38,Bachelors,21.2,76.2,77.0,2,0,0
151,Female,29,Bachelors,5.4,46.1,51.3,3,0,0
152,Female,33,Bachelors,15.1,76.2,83.8,2,1,0
153,Male,25,Masters,2.5,79.6,100.0,2,0,0
154,Female,34,Bachelors,17.6,74.7,58.7,1,0,0
155,Male,31,Masters,11.4,66.1,53.1,1,0,1
156,Female,26,Bachelors,2.7,76.3,60.4,3,1,0
157,Male,29,Bachelors,6.8,71.2,87.4,1,0,0
158,Female,30,Bachelors,10.8,58.9,73.9,1,1,0
159,Female,29,Bachelors,10.4,93.1,78.6,3,1,0
160,Female,43,Bachelors,21.8,64.4,64.9,3,0,0
161,Male,30,Bachelors,9.1,79.1,62.7,2,0,0
162,Female,29,Bachelors,9.7,37.6,60.4,2,0,0
163,Male,21,Bachelors,0.3,85.6,71.5,3,0,0
164,Male,25,Bachelors,1.0,88.1,74.3,1,0,0
165,Female,29,Bachelors,6.1,69.4,74.5,2,1,0
166,Male,27,Masters,6.5,76.3,68.7,2,0,0
167,Female,40,Bachelors,21.8,76.3,68.1,3,0,0
168,Female,30,PhD,12.7,60.6,62.5,3,0,0
169,Male,39,Masters,19.8,76.1,80.4,2,0,0
170,Female,31,PhD,10.7,58.5,80.9,1,1,0
171,Male,31,Masters,11.7,61.1,69.6,2,0,0
172,Female,30,Bachelors,7.5,83.7,84.7,2,0,0
173,Male,31,Bachelors,9.6,81.7,71.5,3,1,0
174,Female,42,Bachelors,19.1,59.8,53.4,1,1,0
175,Male,21,Masters,0.0,59.5,69.6,1,0,0
176,Male,21,Bachelors,0.8,60.6,64.4,3,0,0
177,Male,27,Bachelors,6.4,78.5,55.1,2,0,0
178,Female,31,PhD,11.6,56.0,55.9,3,0,0
179,Female,35,Bachelors,15.3,73.6,68.5,1,0,0
180,Female,34,Bachelors,13.6,78.7,66.2,3,0,0
181,Female,29,Masters,9.3,67.9,84.1,1,1,0
182,Female,38,Bachelors,16.9,82.1,79.9,1,0,0
183,Female,38,Bachelors,17.9,65.0,81.2,2,1,0
184,Male,32,Masters,9.3,66.2,68.6,1,1,0
185,Female,37,Bachelors,16.9,56.3,60.9,2,0,1
186,Female,33,Bachelors,13.5,82.2,63.0,1,0,0
187,Male,27,Bachelors,4.5,59.0,61.6,1,0,0
188,Male,36,Masters,15.1,73.5,69.6,3,0,0
189,Female,32,Bachelors,9.6,68.1,50.0,1,0,0
190,Male,31,PhD,8.8,55.3,52.9,2,0,0
191,Female,41,Masters,17.4,61.1,58.7,3,0,0
192,Male,21,Bachelors,2.9,87.0,81.8,1,0,0
193,Male,22,Bachelors,3.5,71.6,73.9,3,0,0
194,Female,23,Bachelors,3.2,55.9,52.8,2,0,0
195,Male,29,Masters,12.5,73.0,74.8,2,0,0
196,Male,29,Bachelors,7.6,67.1,63.7,1,0,0
197,Female,21,Bachelors,7.0,100.0,49.6,3,1,0
198,Female,25,Bachelors,3.5,72.7,63.2,2,1,0
199,Male,25,PhD,4.6,64.1,77.2,2,0,0
200,Male,47,Bachelors,25.1,87.5,56.9,3,0,0
201,Female,43,Masters,22.9,45.1,55.2,2,0,0
202,Female,28,Bachelors,8.9,70.2,86.6,3,0,0
203,Female,29,PhD,7.7,94.9,72.1,3,0,0
204,Male,24,Bachelors,7.1,67.5,66.2,3,0,0
205,Male,21,Bachelors,0.6,46.5,38.9,3,1,0
206,Male,30,PhD,9.6,63.9,83.7,3,0,0
207,Male,25,PhD,1.9,87.9,76.3,1,0,0
208,Female,30,Bachelors,10.0,73.9,70.2,3,1,0
209,Male,21,Bachelors,0.0,58.1,77.2,3,0,0
210,Female,26,Bachelors,3.6,60.1,70.0,2,0,0
211,Female,32,Bachelors,9.2,61.7,52.4,2,1,0
212,Female,33,Bachelors,18.1,73.7,61.8,3,0,0
213,Male,34,Masters,12.4,86.4,82.5,1,0,0
214,Female,22,Bachelors,0.0,82.7,67.0,2,0,0
215,Female,37,Masters,14.4,74.9,44.8,2,1,0
216,Female,26,Bachelors,4.9,51.7,56.8,1,0,0
217,Male,35,Bachelors,15.3,51.7,39.7,3,0,0
218,Male,31,Masters,11.3,75.9,90.1,1,0,0
219,Female,22,Bachelors,2.6,51.5,59.4,2,0,0
220,Male,29,Masters,6.5,66.1,54.5,3,0,0
221,Male,33,Bachelors,12.8,73.0,60.8,2,0,0
222,Male,35,PhD,12.0,54.2,36.1,3,0,1
223,Female,30,Masters,7.6,55.7,46.4,1,0,0
224,Female,41,Masters,17.9,67.8,78.5,3,0,0
225,Male,38,Bachelors,14.3,75.5,97.3,3,0,0
226,Female,29,Bachelors,10.4,82.8,83.3,1,0,0
227,Male,36,Bachelors,16.6,76.9,70.2,2,0,0
228,Female,44,Bachelors,25.2,70.0,62.3,2,0,0
229,Female,44,Bachelors,23.1,59.3,50.1,2,1,0
230,Male,23,Bachelors,3.8,55.1,84.0,3,1,0
231,Male,25,Bachelors,0.0,62.4,61.1,2,0,0
232,Male,41,Bachelors,22.0,74.3,95.3,2,0,0
233,Female,24,Bachelors,3.4,73.4,86.1,1,0,0
234,Female,22,Bachelors,2.4,41.7,31.0,2,0,0
235,Female,28,Bachelors,7.9,58.8,53.3,3,0,0
236,Female,34,Masters,10.7,84.7,67.6,1,1,0
237,Male,30,Bachelors,5.6,70.0,66.5,2,0,0
238,Female,27,Bachelors,4.4,50.6,56.1,1,0,0
239,Male,27,Bachelors,7.3,99.6,100.0,3,1,0
240,Male,26,Masters,6.6,68.6,53.8,2,0,0
241,Female,25,Bachelors,0.9,74.0,72.4,2,0,0
242,Female,46,Bachelors,22.7,74.2,77.2,2,0,0
243,Male,33,PhD,10.3,64.2,64.3,2,0,0
244,Female,37,Bachelors,15.2,59.5,63.0,3,1,0
245,Female,28,PhD,3.9,96.6,69.6,2,0,0
246,Female,30,Masters,5.7,82.0,75.4,2,0,0
247,Female,26,Bachelors,3.1,79.7,79.0,3,0,0
248,Male,21,Bachelors,0.2,76.5,75.0,2,1,0
249,Male,22,Masters,0.0,56.0,66.6,2,0,0
250,Male,21,PhD,0.0,85.6,93.0,2,0,0
251,Female,21,Bachelors,2.4,58.0,72.1,1,0,0
252,Female,23,Bachelors,0.0,72.7,69.8,3,1,0
253,Male,40,Bachelors,18.5,47.7,41.2,3,0,0
254,Male,31,Bachelors,12.4,42.5,45.2,3,0,0
255,Male,39,Masters,17.0,73.1,66.6,3,1,0
256,Female,34,Bachelors,11.7,58.5,64.2,2,0,0
257,Female,36,Masters,17.7,43.1,47.0,2,0,0
258,Male,25,Masters,3.3,76.0,59.6,2,0,0
259,Male,34,Masters,15.5,96.6,67.9,3,0,0
260,Female,36,Masters,16.0,87.1,57.1,3,0,0
261,Male,27,Masters,5.2,65.7,62.3,2,0,0
262,Female,35,Masters,15.1,69.1,49.4,2,0,0
263,Male,35,Masters,14.7,80.5,61.3,3,0,0
264,Male,27,Bachelors,8.3,83.6,70.3,3,0,0
265,Female,24,Bachelors,1.7,64.5,48.4,3,1,0
266,Male,23,Bachelors,2.1,69.4,71.7,2,0,0
267,Male,32,Masters,10.9,72.9,78.0,2,0,0
268,Male,33,Masters,13.6,76.2,64.3,2,0,0
269,Male,26,Bachelors,2.6,67.3,60.8,2,0,0
270,Male,31,Bachelors,12.3,67.4,72.5,3,0,0
271,Male,35,Bachelors,15.1,86.9,68.2,2,0,0
272,Male,35,Masters,11.0,84.7,66.2,2,0,0
273,Male,41,Bachelors,22.8,75.2,84.7,2,0,0
274,Female,39,Bachelors,23.1,91.3,89.8,2,0,0
275,Female,24,Masters,5.3,64.0,71.4,2,1,0
276,Male,42,Masters,24.3,90.1,89.7,1,1,0
277,Male,28,Bachelors,7.2,76.1,47.1,3,0,0
278,Female,38,Bachelors,13.2,100.0,100.0,2,0,1
279,Female,31,PhD,5.8,53.5,63.1,2,0,0
280,Female,28,Masters,7.6,60.0,74.1,1,0,0
281,Male,21,Masters,0.0,74.4,74.6,2,1,0
282,Male,30,Bachelors,6.9,74.2,70.4,3,1,0
283,Male,21,Bachelors,0.0,94.4,77.6,3,0,0
284,Male,37,Bachelors,17.4,60.3,66.6,1,1,0
285,Female,41,Masters,16.7,80.8,69.7,3,0,0
286,Male,26,Bachelors,4.0,84.1,85.7,3,1,0
287,Male,33,Bachelors,15.5,78.2,53.0,2,0,0
288,Male,26,Masters,2.5,56.5,53.6,1,0,0
289,Female,27,PhD,8.0,87.3,100.0,2,0,0
290,Male,36,Masters,13.9,85.0,68.2,3,1,0
291,Female,31,Bachelors,11.3,76.8,68.4,2,0,0
292,Male,42,Bachelors,23.5,71.7,57.8,2,0,0
293,Female,28,Bachelors,8.7,71.9,72.6,3,0,0
294,Male,37,Bachelors,18.1,68.0,57.6,3,0,0
295,Female,32,Bachelors,8.4,77.3,69.3,2,1,0
296,Female,36,Bachelors,17.6,69.4,77.4,3,0,0
297,Female,28,Bachelors,5.0,58.0,52.5,1,0,0
298,Female,31,Masters,10.6,55.4,68.9,3,0,0
299,Female,30,PhD,9.6,59.2,71.4,2,0,1
300,Female,26,Bachelors,6.1,71.9,81.2,1,0,0
301,Female,35,Bachelors,14.8,68.6,68.4,3,0,0
302,Male,35,Bachelors,12.1,71.8,100.0,1,0,0
303,Female,35,Bachelors,10.9,75.5,83.2,1,0,0
304,Female,41,Bachelors,22.0,60.8,66.3,2,0,0
305,Female,40,Bachelors,19.4,88.1,66.9,2,0,0
306,Male,29,Masters,10.6,65.5,63.9,1,0,0
307,Male,33,Bachelors,11.9,63.4,81.0,2,1,0
308,Female,27,PhD,2.8,75.3,90.9,3,1,0
309,Male,31,Bachelors,12.2,45.1,71.5,3,0,0
310,Male,27,Bachelors,5.1,58.7,70.7,1,0,0
311,Male,42,Bachelors,21.8,81.8,58.9,2,1,1
312,Male,33,Bachelors,10.5,46.4,60.4,3,0,0
313,Male,30,Bachelors,12.8,83.5,60.0,1,0,0
314,Male,39,PhD,16.0,88.6,59.9,1,0,0
315,Male,21,Bachelors,0.0,64.2,67.2,1,0,0
316,Male,21,Bachelors,0.2,72.8,75.3,2,0,0
317,Male,36,Bachelors,12.5,83.5,85.8,1,0,0
318,Female,31,Bachelors,10.8,62.9,69.6,3,0,0
319,Male,33,Bachelors,15.7,80.3,79.5,3,1,0
320,Female,22,Bachelors,0.0,60.3,50.3,1,0,0
321,Female,31,Masters,10.9,62.8,62.3,2,0,0
322,Male,44,Bachelors,16.7,58.6,43.1,1,0,0
323,Male,36,Bachelors,14.9,73.5,45.4,1,0,0
324,Female,32,Masters,10.3,84.1,84.1,3,0,0
325,Female,28,Masters,5.1,66.6,56.6,2,0,0
326,Female,28,Bachelors,9.5,52.5,68.3,3,0,0
327,Female,21,Bachelors,0.0,54.9,72.5,2,0,0
328,Female,33,Bachelors,11.6,74.1,62.3,1,1,0
329,Female,36,Bachelors,14.1,93.0,87.2,2,0,0
330,Male,21,Bachelors,0.0,74.1,61.8,1,1,0
331,Female,27,Masters,3.4,64.0,42.0,3,0,0
332,Male,23,Bachelors,4.2,79.0,73.9,2,0,0
333,Female,25,Masters,0.0,65.9,59.6,2,0,0
334,Female,31,Bachelors,8.2,64.1,59.0,2,0,0
335,Male,21,Masters,0.0,56.5,83.8,2,0,0
336,Female,35,Masters,18.0,87.3,58.7,3,0,0
337,Male,36,Bachelors,16.8,36.0,53.4,1,0,0
338,Female,29,Bachelors,6.7,79.4,60.7,1,0,0
339,Male,21,Bachelors,3.0,63.0,74.5,1,1,0
340,Female,25,Masters,2.3,63.7,67.6,2,0,0
341,Male,39,Bachelors,20.3,91.0,83.6,2,0,1
342,Female,21,Bachelors,0.0,59.7,50.5,1,1,0
343,Female,29,Bachelors,10.5,60.2,52.9,2,1,0
344,Female,23,Masters,1.1,67.3,77.1,2,0,0
345,Female,36,Bachelors,12.6,74.4,91.2,1,0,0
346,Female,27,Bachelors,5.5,63.3,69.6,3,0,0
347,Female,34,PhD,13.6,48.5,44.9,2,0,0
348,Male,35,Bachelors,12.9,57.7,64.8,2,0,0
349,Female,43,Masters,23.3,85.7,100.0,2,0,0
350,Male,30,Bachelors,7.7,70.0,68.7,2,0,0
351,Female,33,Bachelors,13.4,74.9,87.7,3,0,0
352,Male,21,Masters,1.0,65.6,56.2,2,1,0
353,Female,39,Masters,17.9,60.4,61.7,2,1,0
354,Female,26,Masters,4.0,90.8,86.4,3,1,0
355,Male,27,Bachelors,6.3,66.6,70.4,3,0,0
356,Female,31,Bachelors,11.3,63.2,54.6,3,0,0
357,Female,21,Bachelors,4.7,83.2,65.0,1,0,0
358,Female,32,Bachelors,13.2,59.6,73.6,1,0,0
359,Male,37,Bachelors,18.2,61.3,77.0,2,0,0
360,Female,33,Bachelors,19.1,69.1,85.2,2,0,0
361,Female,21,Bachelors,1.2,69.0,88.6,2,0,0
362,Male,30,Bachelors,10.1,72.4,70.4,3,0,0
363,Male,36,Bachelors,16.6,96.2,78.2,2,0,0
364,Male,21,Bachelors,0.0,73.4,85.6,2,0,0
365,Female,24,Masters,2.0,38.1,58.5,2,0,0
366,Male,37,Masters,14.8,73.2,57.5,2,0,1
367,Female,33,Bachelors,13.5,69.5,54.8,2,1,0
368,Female,34,Masters,12.6,69.6,73.2,3,0,0
369,Male,43,Masters,22.3,72.2,66.6,2,0,0
370,Female,34,Bachelors,15.5,68.6,66.4,3,0,0
371,Female,35,Bachelors,16.0,68.3,79.4,2,0,0
372,Male,49,Bachelors,27.6,77.0,80.5,3,0,0
373,Male,30,Bachelors,7.5,62.0,79.1,1,0,0
374,Male,26,Masters,7.6,56.7,37.0,3,0,0
375,Male,34,PhD,14.8,100.0,87.0,3,0,0
376,Male,34,Bachelors,9.3,59.7,70.2,2,1,0
377,Female,28,Masters,6.3,70.3,49.3,2,1,0
378,Male,24,Bachelors,3.4,49.6,48.4,3,0,0
379,Male,46,Bachelors,26.8,70.5,57.7,2,0,0
380,Female,33,Masters,14.1,56.9,60.6,3,0,0
381,Female,26,Bachelors,5.7,63.2,83.3,3,0,0
382,Female,37,Bachelors,17.3,82.6,98.7,3,0,0
383,Female,30,Bachelors,9.1,75.1,60.5,2,0,0
384,Male,29,PhD,6.5,76.4,77.3,2,1,0
385,Male,35,Bachelors,13.4,46.0,61.0,3,0,0
386,Female,23,Bachelors,2.0,92.9,84.7,2,0,0
387,Female,33,Bachelors,11.9,53.5,63.2,1,0,0
388,Female,43,Bachelors,17.7,88.9,81.5,1,0,0
389,Male,34,Bachelors,12.1,82.3,94.5,3,0,0
390,Female,29,Masters,8.1,76.5,84.3,2,0,0
391,Female,28,Masters,6.4,57.9,48.1,2,0,0
392,Male,28,Masters,6.4,71.0,77.6,2,1,0
393,Female,29,Masters,9.1,62.9,74.3,3,0,0
394,Female,29,Bachelors,5.5,69.4,70.9,2,1,0
395,Male,37,Bachelors,12.3,65.8,78.8,3,0,0
396,Male,21,Bachelors,0.0,42.5,54.6,3,0,0
397,Female,37,Bachelors,17.8,83.6,77.4,3,0,0
398,Male,29,PhD,11.9,67.9,67.8,3,0,0
399,Male,33,Masters,13.8,62.7,39.3,2,0,0
400,Male,24,PhD,0.0,61.7,62.0,2,0,0
401,Male,40,Bachelors,18.5,73.7,61.5,1,0,0
402,Female,39,Bachelors,18.6,57.4,46.3,3,0,0
403,Female,37,Bachelors,16.4,39.7,68.0,2,1,0
404,Male,21,Bachelors,1.2,74.3,75.9,2,1,0
405,Female,36,Bachelors,12.9,75.7,70.3,3,0,0
406,Female,34,Bachelors,13.1,66.4,58.7,1,0,0
407,Male,21,Bachelors,1.0,54.1,62.3,3,1,0
408,Female,31,PhD,11.9,70.2,79.5,1,0,0
409,Male,33,Bachelors,10.1,50.0,46.6,2,0,0
410,Female,35,Bachelors,13.2,55.6,59.5,2,0,0
411,Female,32,Masters,4.8,59.2,72.0,2,0,0
412,Female,33,Bachelors,10.6,80.0,49.8,2,0,0
413,Male,41,PhD,18.8,64.3,63.7,3,0,0
414,Female,39,Masters,15.7,63.2,58.6,2,0,0
415,Male,21,Bachelors,0.4,94.4,79.3,2,0,0
416,Male,29,Masters,7.9,73.6,63.5,3,0,0
417,Male,30,Masters,3.8,73.4,71.0,3,0,0
418,Female,21,Masters,0.5,64.2,87.4,1,0,0
419,Male,32,Masters,8.9,61.2,58.8,3,1,0
420,Female,39,Masters,19.1,40.6,54.8,1,1,0
421,Female,24,Bachelors,0.1,81.6,97.8,2,0,0
422,Male,33,Bachelors,12.1,74.8,63.5,2,0,0
423,Male,25,Masters,3.3,66.7,87.5,3,0,0
424,Male,27,PhD,6.7,67.2,66.0,1,0,0
425,Female,41,Bachelors,20.3,78.6,93.6,1,0,0
426,Female,27,Masters,5.4,48.8,64.8,3,0,0
427,Male,34,Bachelors,9.5,61.3,66.4,1,0,0
428,Female,21,Masters,0.0,54.2,58.0,2,0,0
429,Male,43,PhD,20.7,92.0,72.1,3,1,0
430,Female,35,Bachelors,14.0,80.4,74.1,2,0,0
431,Female,30,Bachelors,7.6,40.4,62.0,1,0,0
432,Female,35,Bachelors,15.4,49.3,56.0,2,0,0
433,Female,22,Bachelors,0.4,67.3,62.2,3,0,0
434,Female,39,Bachelors,15.8,62.9,60.6,2,0,0
435,Male,29,Bachelors,7.4,51.8,69.4,1,0,0
436,Male,30,Bachelors,9.5,94.3,95.6,1,0,0
437,Male,28,Bachelors,7.7,73.1,61.2,2,0,0
438,Female,27,Bachelors,10.3,75.2,62.3,3,0,0
439,Female,36,Masters,13.5,60.0,66.6,2,0,0
440,Female,33,Masters,11.8,78.4,90.5,1,0,0
441,Female,35,Masters,15.0,64.1,78.0,2,0,0
442,Male,31,Masters,9.9,65.3,49.9,1,0,0
443,Female,34,Masters,11.8,76.9,68.1,2,0,0
444,Male,28,Bachelors,3.4,47.8,44.1,3,0,0
445,Male,45,Masters,22.8,89.8,75.2,3,0,0
446,Female,21,Bachelors,0.0,71.4,87.5,1,0,0
447,Female,39,Bachelors,14.0,85.7,59.1,2,0,0
448,Female,40,Bachelors,17.2,55.0,39.8,1,1,0
449,Male,25,Masters,1.6,57.0,50.4,1,0,0
450,Female,45,Masters,25.3,53.9,62.1,2,1,0
451,Male,37,Bachelors,17.4,72.3,76.2,2,0,0
452,Female,37,Bachelors,13.9,69.9,72.7,3,0,0
453,Female,31,Bachelors,9.4,63.0,77.8,3,1,0
454,Male,30,Masters,4.7,55.8,38.5,2,0,0
455,Male,30,Masters,7.9,52.5,72.1,3,0,0
456,Male,34,Bachelors,13.9,68.4,62.9,2,1,1
457,Female,40,Bachelors,20.9,62.9,72.4,2,0,0
458,Male,32,Bachelors,9.4,60.1,46.2,3,0,0
459,Female,25,Bachelors,6.4,89.1,78.1,1,0,0
460,Female,36,Masters,11.5,67.9,69.2,2,0,0
461,Female,37,Masters,13.1,85.5,89.9,3,0,0
462,Male,35,Bachelors,15.6,62.1,44.1,2,0,0
463,Female,36,Bachelors,18.8,72.2,69.1,3,1,0
464,Male,29,Bachelors,9.1,68.3,53.5,2,0,0
465,Female,25,Bachelors,3.9,46.9,60.9,3,0,0
466,Female,25,Bachelors,0.0,87.6,86.5,1,0,0
467,Female,21,Bachelors,0.0,67.2,81.4,1,0,0
468,Female,33,PhD,12.3,78.7,65.9,2,1,0
469,Male,30,Bachelors,8.2,59.2,72.7,3,0,0
470,Female,28,Bachelors,4.5,66.9,82.1,1,0,0
471,Male,21,Bachelors,0.2,57.7,41.0,3,1,0
472,Male,23,Bachelors,2.3,85.1,83.2,1,1,0
473,Male,38,Masters,19.2,73.0,80.7,2,1,0
474,Male,27,Bachelors,6.3,73.8,66.5,2,0,0
475,Male,33,Masters,14.8,86.7,62.2,1,0,0
476,Male,22,Masters,1.0,84.0,86.5,3,0,0
477,Male,40,Bachelors,18.7,78.9,58.0,2,0,0
478,Female,30,Masters,11.4,50.5,54.6,2,1,0
479,Female,33,PhD,9.7,60.0,61.5,2,0,0
480,Male,46,Bachelors,30.0,55.9,68.3,2,0,0
481,Male,41,Bachelors,20.9,78.5,64.7,2,1,0
482,Male,29,PhD,8.9,71.2,59.9,3,1,0
483,Female,27,Masters,7.2,50.9,58.2,2,0,0
484,Male,29,Bachelors,12.3,66.5,77.7,2,1,0
485,Male,34,Bachelors,14.8,49.6,83.7,2,0,0
486,Male,30,Bachelors,5.3,68.3,48.5,2,0,0
487,Male,28,Masters,10.2,47.5,58.9,2,0,0
488,Male,41,Bachelors,19.2,75.9,57.7,2,1,0
489,Female,30,Bachelors,9.2,73.9,81.9,2,1,0
490,Female,46,Masters,22.1,93.8,69.3,3,0,0
491,Female,32,PhD,12.2,80.0,64.9,3,0,0
492,Female,43,Masters,20.5,63.5,56.9,3,0,0
493,Female,33,Bachelors,12.2,79.6,71.9,3,0,0
494,Male,37,Bachelors,15.3,50.8,60.8,2,1,0
495,Female,26,PhD,9.4,56.5,65.9,3,0,0
496,Female,25,PhD,8.6,73.3,69.2,1,0,0
497,Male,34,Bachelors,13.1,40.9,35.5,2,0,0
498,Female,37,Masters,16.1,68.5,75.4,2,0,0
499,Male,31,Bachelors,9.1,55.7,59.0,1,0,0
500,Female,23,Bachelors,4.5,70.3,81.6,3,1,0
501,Female,22,Bachelors,0.2,55.0,50.8,3,0,0
502,Female,22,Bachelors,0.0,74.5,50.7,2,0,0
503,Female,21,Bachelors,2.3,69.3,66.7,2,0,0
504,Female,32,Masters,9.8,87.2,92.5,2,1,0
505,Female,38,Bachelors,16.9,69.1,68.9,2,1,0
506,Female,31,Bachelors,6.4,59.0,59.1,3,1,0
507,Male,21,Bachelors,1.6,65.8,54.7,3,0,0
508,Female,30,Bachelors,13.5,51.5,78.4,2,1,0
509,Male,30,Bachelors,10.7,74.3,57.5,2,0,0
510,Male,45,Bachelors,27.4,76.7,62.5,2,0,0
511,Male,22,Bachelors,0.0,100.0,90.8,1,0,0
512,Female,28,Masters,7.5,60.9,40.2,2,0,0
513,Male,42,PhD,18.8,65.5,80.3,1,1,0
514,Male,34,Bachelors,12.5,61.5,70.3,1,1,0
515,Male,35,PhD,15.8,71.8,79.3,2,0,0
516,Male,32,PhD,11.2,74.0,76.4,1,0,1
517,Male,33,Masters,8.8,68.3,64.6,3,1,0
518,Female,36,Masters,12.0,83.1,61.9,1,1,0
519,Male,26,Masters,1.8,61.0,60.9,3,0,0
520,Female,37,Masters,17.1,81.8,62.3,1,0,0
521,Female,22,Masters,5.7,76.0,76.6,1,0,0
522,Male,33,Bachelors,15.1,68.8,76.5,1,1,0
523,Male,32,PhD,6.6,64.9,82.4,3,0,0
524,Female,27,Bachelors,9.3,100.0,88.5,2,0,0
525,Male,31,Masters,12.2,58.4,72.2,2,0,0
526,Male,27,Bachelors,2.4,72.9,65.5,1,0,0
527,Female,24,Bachelors,2.3,59.2,55.8,3,0,0
528,Female,29,Bachelors,10.5,92.2,85.4,1,0,0
529,Female,24,Bachelors,4.3,80.5,68.6,2,0,0
530,Male,33,Bachelors,9.0,60.2,65.3,3,0,0
531,Female,24,Bachelors,4.4,75.7,57.9,2,0,0
532,Female,36,Bachelors,10.1,72.4,58.2,2,1,0
533,Male,23,Bachelors,1.5,62.3,70.9,3,0,0
534,Female,27,Bachelors,8.6,78.9,83.0,2,0,0
535,Male,27,PhD,6.0,74.1,57.9,1,0,0
536,Male,40,Bachelors,17.9,71.8,76.5,2,0,0
537,Female,33,Bachelors,14.0,68.5,60.3,1,0,0
538,Male,30,Bachelors,11.2,74.6,70.2,3,0,0
539,Male,34,Bachelors,16.0,72.0,85.6,2,1,0
540,Female,21,Bachelors,2.0,69.8,77.1,2,1,0
541,Female,31,Masters,12.5,60.7,71.9,1,0,0
542,Female,44,PhD,24.7,91.0,100.0,2,1,0
543,Female,32,Bachelors,11.6,55.3,51.0,2,0,0
544,Female,31,Masters,10.2,74.6,58.2,1,0,0
545,Male,35,Bachelors,13.5,64.8,56.0,3,1,0
546,Male,37,Bachelors,13.2,91.9,76.5,2,0,0
547,Male,21,Bachelors,0.0,57.3,32.3,3,0,0
548,Male,21,Bachelors,0.0,59.4,59.2,2,0,0
549,Female,32,Masters,11.6,56.4,53.5,1,0,0
550,Male,26,Masters,8.3,73.2,78.7,3,1,0
551,Male,40,Masters,18.9,51.2,61.4,3,0,0
552,Male,29,Bachelors,10.3,62.8,56.3,2,0,0
553,Male,21,Masters,2.5,41.0,58.6,1,0,0
554,Female,23,Bachelors,1.5,72.1,77.3,3,1,1
555,Male,21,Bachelors,1.4,62.5,54.2,1,0,0
556,Male,29,Bachelors,7.4,49.7,50.4,2,0,0
557,Male,30,Masters,12.0,83.1,48.0,2,0,0
558,Male,28,PhD,8.5,52.0,44.5,1,0,0
559,Female,38,Bachelors,14.3,79.4,63.8,1,0,0
560,Male,39,Bachelors,18.4,59.9,62.8,1,0,0
561,Male,30,Masters,12.8,89.8,67.0,3,0,0
562,Male,21,Masters,0.0,78.7,66.1,2,0,0
563,Female,35,Bachelors,15.0,55.9,45.0,2,1,0
564,Female,35,Masters,15.3,57.1,62.5,3,0,0
565,Female,33,Masters,9.6,76.9,76.4,2,0,1
566,Female,37,Masters,17.2,65.6,69.9,2,0,0
567,Female,23,Bachelors,0.0,66.8,65.9,2,0,0
568,Male,44,PhD,21.6,85.5,57.5,2,0,0
569,Male,25,Bachelors,6.5,59.3,54.2,2,0,0
570,Female,36,Masters,15.8,70.2,62.7,3,0,0
571,Male,21,Bachelors,0.0,81.4,68.9,3,0,0
572,Female,25,Bachelors,5.0,79.5,73.6,2,0,0
573,Male,41,Bachelors,19.9,66.9,82.9,2,0,0
574,Female,29,Bachelors,8.0,65.2,74.6,3,1,0
575,Female,36,Bachelors,16.5,46.4,42.7,1,0,1
576,Female,33,Bachelors,10.3,55.3,67.6,3,1,0
577,Female,30,Bachelors,9.1,73.1,76.9,2,0,0
578,Female,40,Bachelors,18.3,67.2,56.3,3,0,0
579,Female,29,Masters,4.4,70.0,77.7,3,0,0
580,Male,21,Masters,0.0,82.5,72.5,2,0,0
581,Male,26,Masters,8.6,53.6,41.6,1,0,0
582,Female,35,Bachelors,14.9,65.9,70.7,3,0,0
583,Male,34,Bachelors,10.0,71.5,70.9,2,1,0
584,Male,21,PhD,0.0,59.8,59.2,2,0,0
585,Female,26,Bachelors,4.7,87.6,76.7,2,1,1
586,Female,27,Bachelors,9.6,80.8,64.8,2,0,0
587,Male,29,PhD,7.6,72.8,76.4,2,0,0
588,Male,22,PhD,4.0,92.3,79.2,1,0,0
589,Male,27,Bachelors,6.8,49.5,58.2,2,0,0
590,Male,26,Masters,6.1,68.9,71.2,3,1,0
591,Female,36,Bachelors,11.9,73.8,55.7,1,1,0
592,Male,36,Masters,17.2,57.1,49.7,2,1,0
593,Male,30,Bachelors,8.2,72.9,42.6,2,1,0
594,Female,28,Bachelors,9.0,54.6,65.8,3,0,0
595,Male,32,Masters,9.1,78.0,57.4,2,0,0
596,Male,26,Bachelors,5.4,82.8,76.1,3,1,0
597,Female,24,Masters,3.8,72.5,73.3,1,0,0
598,Female,25,Bachelors,3.6,44.9,60.9,2,1,0
599,Female,27,Masters,6.9,56.4,45.6,3,0,0
600,Female,23,Masters,1.4,76.3,70.2,3,0,0
601,Male,32,Bachelors,9.5,69.3,87.2,2,0,0
602,Female,36,Masters,18.7,34.0,68.3,2,0,0
603,Female,21,Bachelors,2.4,85.2,87.7,2,0,0
604,Female,31,Bachelors,8.3,70.8,72.0,1,0,0
605,Female,30,Bachelors,10.3,58.4,49.1,3,0,0
606,Female,33,Masters,10.3,81.9,82.7,3,0,0
607,Female,31,Masters,7.3,60.2,60.2,2,0,0
608,Male,22,PhD,3.4,60.1,68.8,2,0,0
609,Female,23,Masters,0.0,73.7,61.9,2,0,0
610,Male,31,PhD,12.1,92.2,77.6,1,1,0
611,Female,38,Bachelors,16.4,90.1,80.5,3,0,0
612,Female,21,PhD,0.0,73.7,72.5,2,0,0
613,Female,33,Bachelors,12.9,75.0,76.2,1,0,0
614,Female,39,Bachelors,19.3,79.3,65.7,2,0,0
615,Male,30,Bachelors,7.1,52.7,41.9,3,0,0
616,Female,35,Bachelors,15.7,77.4,91.1,1,0,0
617,Female,26,Bachelors,5.3,59.5,91.6,2,0,0
618,Male,30,Bachelors,6.1,73.1,74.6,2,0,0
619,Male,21,Bachelors,0.0,66.0,49.4,1,0,0
620,Male,21,Bachelors,3.2,75.5,61.2,2,0,0
621,Female,37,Masters,19.9,70.5,73.9,2,0,0
622,Male,25,Masters,5.6,29.1,61.1,1,0,0
623,Female,28,Bachelors,4.3,71.3,53.7,1,0,0
624,Male,22,Bachelors,2.1,77.3,70.0,3,0,0
625,Female,22,Bachelors,3.0,74.8,72.5,2,0,0
626,Male,30,Bachelors,10.7,67.7,76.6,2,0,0
627,Female,26,Masters,6.8,90.3,74.5,2,0,0
628,Male,33,Bachelors,12.8,73.0,50.4,3,0,0
629,Female,34,Masters,12.8,74.7,77.5,3,0,0
630,Female,33,Masters,10.6,82.6,87.9,3,1,0
631,Female,33,Bachelors,7.6,73.7,68.5,2,0,0
632,Female,41,Masters,20.8,57.3,65.4,2,0,0
633,Male,24,Bachelors,3.4,37.3,43.8,2,0,0
634,Male,31,Masters,11.3,62.8,53.4,2,1,0
635,Male,38,Masters,13.9,78.9,84.7,2,0,0
636,Male,39,Masters,19.5,64.4,69.1,1,0,0
637,Female,22,Masters,5.7,79.4,78.6,2,1,0
638,Female,29,Masters,8.2,70.9,86.0,2,0,0
639,Female,40,PhD,18.9,85.7,63.5,1,0,1
640,Female,34,Bachelors,13.7,65.2,58.2,2,0,0
641,Female,32,Masters,15.7,75.1,72.2,3,0,0
642,Female,30,Masters,6.6,75.6,63.8,2,0,0
643,Male,29,Bachelors,8.5,88.5,87.1,3,0,0
644,Male,33,PhD,10.2,46.8,52.5,2,0,0
645,Female,29,Bachelors,6.7,63.0,51.7,3,0,0
646,Female,31,Bachelors,9.9,80.0,73.8,3,0,0
647,Male,32,Bachelors,14.1,89.1,80.0,1,1,0
648,Female,27,Bachelors,10.1,72.1,79.9,3,0,0
649,Female,34,Masters,14.0,65.2,69.6,1,0,0
650,Male,50,Bachelors,28.1,78.8,77.9,2,0,0
651,Male,21,Bachelors,5.7,80.3,77.0,3,0,0
652,Female,33,Bachelors,11.0,64.3,62.1,2,0,0
653,Female,26,Bachelors,3.7,73.3,60.7,2,0,0
654,Male,35,Masters,9.9,84.3,78.8,2,0,0
655,Female,31,Masters,13.2,93.6,76.5,1,1,0
656,Male,36,Bachelors,17.2,78.7,92.6,1,1,0
657,Female,39,Bachelors,23.6,69.6,83.4,1,0,0
658,Male,32,Bachelors,7.8,68.3,74.2,1,0,0
659,Female,38,Masters,20.4,76.2,75.5,2,0,0
660,Male,21,Bachelors,0.2,67.5,65.1,2,0,0
661,Male,41,Bachelors,21.9,71.5,53.2,2,0,0
662,Female,33,Bachelors,8.2,55.2,56.8,2,1,0
663,Male,38,Bachelors,20.4,85.9,77.5,1,1,0
664,Male,23,Bachelors,3.8,54.2,61.6,2,0,0
665,Male,26,Bachelors,4.9,63.4,69.5,3,1,0
666,Female,32,Masters,12.5,70.3,78.7,3,1,0
667,Female,31,Masters,8.2,94.9,72.9,2,0,0
668,Female,33,Bachelors,10.7,63.5,55.7,1,1,0
669,Male,38,Masters,15.9,60.3,79.6,3,0,0
670,Male,21,Masters,0.0,61.8,72.2,3,0,0
671,Male,37,Bachelors,18.0,90.6,74.1,2,0,0
672,Female,31,Bachelors,12.7,32.4,45.5,2,0,0
673,Female,30,Bachelors,7.4,56.0,58.6,1,0,0
674,Female,21,Masters,0.8,100.0,84.4,2,1,0
675,Female,34,Bachelors,12.4,76.7,76.9,3,0,0
676,Male,21,Masters,0.8,54.6,89.4,2,0,0
677,Female,35,Bachelors,12.6,68.5,69.0,2,0,0
678,Male,21,Bachelors,0.0,69.9,75.4,2,0,0
679,Male,31,PhD,12.4,80.0,52.8,3,0,0
680,Male,30,Bachelors,8.9,92.9,74.3,2,0,1
681,Male,39,Masters,22.7,74.1,84.5,3,1,0
682,Male,30,PhD,9.1,62.0,67.9,2,0,0
683,Male,26,Masters,2.9,79.2,19.9,2,0,0
684,Male,28,Bachelors,9.8,59.9,70.0,2,0,0
685,Female,39,Masters,19.5,55.6,82.6,2,0,0
686,Male,34,Bachelors,14.7,46.1,30.4,3,1,0
687,Male,28,Bachelors,9.7,48.7,74.0,2,0,0
688,Female,29,Masters,6.5,57.3,27.3,2,0,0
689,Female,21,Masters,0.0,53.7,69.8,2,0,0
690,Female,34,Bachelors,12.6,73.1,69.1,2,1,0
691,Male,21,Bachelors,0.0,53.4,30.2,2,0,0
692,Female,36,Masters,14.4,28.1,49.8,3,0,0
693,Male,32,Masters,14.1,55.4,73.3,2,0,0
694,Male,47,Bachelors,26.5,62.9,68.0,2,0,0
695,Female,24,Masters,0.0,61.1,69.6,2,0,0
696,Female,30,Bachelors,5.4,88.8,72.9,1,0,0
697,Female,43,Bachelors,25.8,61.0,40.2,2,0,0
698,Female,39,Masters,17.8,80.5,81.6,2,1,0
699,Female,26,PhD,3.5,68.8,87.8,2,0,0
700,Male,32,Bachelors,10.4,68.5,80.2,3,1,0
701,Male,31,Bachelors,6.6,58.1,37.1,3,0,0
702,Male,33,Bachelors,15.3,68.2,48.3,3,0,0
703,Male,26,Masters,4.1,59.1,51.4,2,0,0
704,Female,30,Bachelors,12.1,71.2,49.0,2,0,0
705,Male,21,Bachelors,0.1,65.9,65.8,3,0,0
706,Female,32,PhD,14.3,56.7,64.9,2,0,0
707,Female,34,Bachelors,13.6,81.9,56.9,2,0,0
708,Female,30,Bachelors,11.0,74.5,79.3,2,0,0
709,Male,21,Bachelors,1.7,63.2,71.0,3,0,0
710,Male,37,Masters,17.4,70.9,61.4,1,1,0
711,Female,33,Bachelors,12.8,67.9,64.3,2,0,0
712,Female,26,Bachelors,4.5,57.7,37.3,1,0,0
713,Female,29,Bachelors,12.4,69.9,63.5,2,0,0
714,Female,21,Masters,0.0,60.9,62.6,2,0,0
715,Female,24,Masters,3.0,56.7,62.2,2,0,0
716,Male,28,Bachelors,7.0,47.9,59.9,2,0,0
717,Female,39,Bachelors,18.9,64.3,67.3,3,0,0
718,Male,27,Masters,5.0,76.4,67.8,3,0,0
719,Female,35,Bachelors,14.7,60.0,65.4,2,0,0
720,Female,28,Bachelors,6.6,100.0,96.0,3,0,0
721,Female,33,Bachelors,8.4,80.5,72.1,2,1,0
722,Male,30,Bachelors,9.0,86.0,80.1,3,0,0
723,Male,37,Bachelors,13.5,79.3,70.4,1,0,0
724,Female,28,Bachelors,3.0,93.1,72.4,2,0,1
725,Male,21,Bachelors,0.3,58.8,67.6,2,0,0
726,Male,22,Bachelors,2.1,35.7,42.0,1,0,0
727,Male,28,Masters,8.2,63.2,68.4,2,0,0
728,Male,23,Bachelors,3.3,76.3,71.3,1,0,0
729,Male,34,Bachelors,8.6,71.0,64.4,2,0,0
730,Female,28,Masters,3.9,72.6,65.0,1,0,0
731,Male,46,Bachelors,29.5,86.2,70.3,1,1,0
732,Male,21,Masters,0.0,74.0,50.0,3,0,0
733,Male,32,Bachelors,12.4,79.4,77.3,2,0,0
734,Male,24,Masters,1.4,56.8,63.0,3,0,0
735,Male,28,Bachelors,7.2,54.8,69.3,2,0,0
736,Female,32,Bachelors,9.5,90.0,72.1,1,0,0
737,Male,21,Bachelors,1.3,70.3,90.4,2,1,0
738,Male,33,Bachelors,12.3,60.9,57.9,2,0,0
739,Male,43,Bachelors,21.0,60.9,52.0,1,0,0
740,Male,28,Masters,4.6,60.6,50.4,3,0,0
741,Male,33,Masters,12.6,59.8,41.1,2,0,0
742,Male,38,Bachelors,14.2,52.3,76.2,3,0,0
743,Female,30,Masters,10.0,49.5,72.7,2,1,0
744,Male,27,Masters,12.0,66.5,72.8,2,0,0
745,Female,21,Masters,3.1,61.3,52.0,2,0,0
746,Male,35,Masters,15.7,83.4,96.6,3,0,0
747,Male,30,Masters,8.8,72.8,64.8,2,0,0
748,Male,24,Bachelors,0.0,72.4,65.6,1,0,0
749,Female,32,Masters,8.0,59.3,78.9,1,0,0
750,Female,27,PhD,9.0,67.4,74.0,2,0,0
751,Male,28,Bachelors,5.2,73.7,95.9,3,0,0
752,Male,35,Bachelors,12.4,78.3,75.0,3,0,0
753,Male,22,Bachelors,0.6,67.8,61.5,3,1,0
754,Male,38,PhD,14.6,83.0,67.3,3,0,0
755,Female,22,Bachelors,0.0,69.1,44.8,3,0,0
756,Male,27,Masters,5.9,79.3,69.3,2,0,0
757,Male,43,Masters,19.9,62.6,77.2,2,0,0
758,Female,38,PhD,15.3,45.4,61.2,1,0,0
759,Male,32,Bachelors,9.2,72.5,69.1,1,0,0
760,Male,25,Masters,5.2,78.4,60.2,2,0,0
761,Female,28,Masters,6.5,76.5,73.8,1,0,0
762,Male,31,Bachelors,9.6,74.5,82.1,3,0,1
763,Male,31,Masters,11.4,64.5,69.6,3,0,0
764,Male,30,Bachelors,8.7,58.5,63.2,2,1,0
765,Female,31,Masters,9.4,76.2,61.3,3,0,0
766,Male,30,Bachelors,10.1,74.5,80.4,2,0,0
767,Male,22,Bachelors,2.5,61.7,25.4,1,0,0
768,Male,28,Bachelors,6.7,83.4,79.5,2,0,0
769,Male,37,Bachelors,16.2,57.5,91.5,1,0,0
770,Female,22,Bachelors,0.0,61.4,44.7,2,0,0
771,Male,30,Masters,7.0,90.3,75.8,1,1,0
772,Female,26,Bachelors,6.8,80.3,73.1,1,0,0
773,Female,32,Bachelors,12.0,64.3,58.8,1,0,0
774,Female,28,Masters,8.0,72.7,81.4,3,0,0
775,Male,41,Masters,20.6,71.0,73.7,1,0,0
776,Female,34,Bachelors,13.1,33.3,49.1,2,0,0
777,Female,22,PhD,2.6,57.2,70.0,2,0,0
778,Male,35,Bachelors,16.2,68.3,66.8,2,0,0
779,Female,26,Masters,7.1,64.4,100.0,2,0,0
780,Female,27,Bachelors,5.8,72.2,70.5,1,0,0
781,Male,33,Masters,15.2,83.7,77.4,2,0,0
782,Female,28,PhD,7.5,64.8,44.1,2,0,0
783,Male,37,Masters,17.5,55.3,52.9,2,0,0
784,Female,26,Bachelors,5.6,73.2,83.0,2,0,0
785,Female,27,Masters,6.6,64.8,48.6,2,0,0
786,Male,27,Bachelors,4.3,67.0,40.0,2,0,0
787,Female,27,Masters,7.6,65.2,65.2,1,0,0
788,Male,38,Masters,23.5,98.1,99.4,2,0,0
789,Female,35,PhD,13.1,39.9,51.5,1,0,0
790,Female,42,Bachelors,21.2,64.0,60.2,2,0,0
791,Male,46,Bachelors,24.0,69.0,44.6,2,1,0
792,Male,24,Bachelors,1.9,58.8,66.8,1,1,0
793,Male,31,Bachelors,13.6,80.7,81.3,1,0,0
794,Male,23,Bachelors,0.5,79.6,51.4,2,0,0
795,Male,26,Bachelors,3.9,68.4,80.2,2,0,0
796,Male,27,Masters,2.3,65.5,74.2,3,0,0
797,Male,24,Bachelors,1.3,67.5,79.7,3,0,0
798,Male,24,Bachelors,0.0,67.6,73.2,3,0,0
799,Female,30,Bachelors,10.5,68.0,74.2,2,0,0
800,Female,23,Masters,8.4,66.6,71.9,2,0,0
801,Female,36,Masters,14.2,72.3,79.2,2,0,0
802,Male,25,Bachelors,0.2,78.8,50.5,2,0,0
803,Female,49,Bachelors,30.0,53.0,40.1,2,0,0
804,Female,28,Bachelors,5.3,55.3,50.6,2,1,0
805,Male,31,Bachelors,13.0,46.3,52.9,1,0,0
806,Male,23,Bachelors,1.4,80.3,77.8,1,0,0
807,Female,42,Bachelors,19.5,72.3,72.7,1,0,0
808,Male,38,PhD,16.6,75.6,84.0,1,0,0
809,Female,33,Bachelors,13.7,50.4,70.5,3,0,0
810,Female,22,Masters,0.5,92.2,69.2,1,0,0
811,Male,32,Bachelors,9.9,61.1,65.5,2,1,0
812,Male,24,PhD,2.5,71.2,58.0,3,0,0
813,Female,41,PhD,17.1,80.1,70.8,2,0,0
814,Female,36,Masters,15.9,56.2,63.8,2,0,0
815,Male,32,Bachelors,6.9,61.9,22.1,2,1,0
816,Female,21,Bachelors,0.0,71.3,97.1,2,0,0
817,Female,25,Masters,5.7,100.0,90.8,2,1,0
818,Female,35,Masters,14.7,72.9,61.9,3,0,0
819,Female,39,Bachelors,19.4,89.9,100.0,3,0,0
820,Male,38,Bachelors,16.9,84.7,71.4,3,1,0
821,Male,21,Bachelors,2.7,73.8,71.2,3,0,0
822,Female,33,Masters,14.1,56.1,54.0,2,0,0
823,Male,38,Masters,18.0,82.8,94.4,3,1,0
824,Female,21,Masters,2.1,49.5,55.0,2,0,0
825,Female,31,Masters,11.7,89.8,80.2,2,0,0
826,Male,33,Bachelors,11.0,71.6,82.8,3,1,0
827,Female,29,Bachelors,4.9,34.5,55.0,3,1,0
828,Male,21,Bachelors,1.0,64.6,63.9,3,1,0
829,Female,29,Masters,9.3,77.5,84.9,2,1,0
830,Male,29,Bachelors,10.5,65.9,95.7,2,0,0
831,Female,30,Bachelors,6.8,78.3,75.9,2,1,0
832,Female,27,Bachelors,3.9,57.9,62.2,2,0,0
833,Male,28,Bachelors,8.1,52.0,59.6,3,0,0
834,Female,31,Bachelors,9.8,68.1,82.2,3,0,0
835,Female,34,Bachelors,8.7,69.4,60.0,2,1,0
836,Female,29,Bachelors,8.9,64.5,61.1,2,0,0
837,Female,28,Masters,2.7,85.0,57.3,2,1,0
838,Female,32,Bachelors,8.8,57.9,46.6,1,0,0
839,Male,21,Bachelors,3.1,73.1,63.0,2,0,0
840,Female,34,Bachelors,17.2,69.9,66.8,3,0,0
841,Male,31,Masters,7.2,48.8,77.1,2,0,0
842,Female,31,Bachelors,9.2,51.9,64.0,3,0,0
843,Female,37,Masters,16.1,69.2,56.1,2,0,0
844,Male,21,PhD,4.1,94.8,72.4,3,0,0
845,Male,21,Masters,0.0,76.5,87.6,2,0,0
846,Female,33,Bachelors,10.9,46.6,68.1,2,0,0
847,Male,31,Masters,13.6,28.6,45.1,2,0,0
848,Female,32,Bachelors,10.1,78.5,66.9,3,0,0
849,Male,28,Bachelors,8.7,67.7,79.7,3,0,0
850,Female,35,Bachelors,10.6,83.8,63.2,2,0,0
851,Male,37,Bachelors,15.6,57.6,65.4,1,0,0
852,Male,34,Bachelors,9.2,73.6,96.8,2,0,0
853,Female,29,Bachelors,5.6,80.0,75.5,3,0,0
854,Female,21,Bachelors,1.9,63.2,54.5,2,0,0
855,Male,36,Bachelors,14.9,63.5,68.8,2,0,0
856,Male,39,Bachelors,17.3,69.3,61.5,2,0,0
857,Female,35,PhD,12.3,76.1,54.1,2,0,0
858,Female,25,Bachelors,3.5,68.8,75.3,3,0,0
859,Male,35,Masters,14.7,81.7,87.3,3,1,0
860,Female,37,Bachelors,18.3,63.0,59.9,3,0,0
861,Female,41,Bachelors,14.0,51.7,52.9,3,0,0
862,Female,25,Bachelors,2.1,94.7,69.5,3,1,0
863,Female,30,Bachelors,9.4,61.1,60.8,2,0,0
864,Female,36,Bachelors,14.8,61.6,56.1,3,0,0
865,Male,31,Bachelors,10.9,68.1,54.3,1,1,0
866,Female,24,Bachelors,3.6,69.9,90.2,2,0,0
867,Female,34,Bachelors,12.3,64.0,69.8,3,1,0
868,Female,35,Bachelors,12.8,68.8,73.7,2,0,0
869,Male,32,Bachelors,10.4,68.5,77.3,2,0,0
870,Male,32,Bachelors,13.6,71.3,77.5,2,0,0
871,Female,29,Bachelors,6.3,38.4,45.2,2,0,0
872,Male,41,Bachelors,19.9,93.5,83.7,3,1,0
873,Female,25,Bachelors,4.4,67.1,62.7,2,0,0
874,Male,27,Bachelors,9.6,76.5,76.3,1,0,0
875,Female,31,Bachelors,9.3,51.1,61.2,2,0,0
876,Female,37,PhD,18.2,62.9,59.0,2,0,0
877,Male,21,Bachelors,2.8,60.3,46.2,1,0,0
878,Male,22,Bachelors,0.9,88.1,79.2,2,1,0
879,Female,21,Bachelors,0.0,61.4,60.3,2,0,0
880,Female,31,PhD,9.2,78.9,49.7,1,1,0
881,Male,24,Masters,2.4,60.5,68.4,2,0,0
882,Female,29,Masters,10.0,63.1,75.3,2,0,0
883,Female,35,PhD,14.5,65.8,95.5,3,0,0
884,Male,27,Bachelors,6.5,85.7,71.4,2,0,0
885,Male,33,PhD,9.4,44.4,47.0,2,0,0
886,Male,29,Bachelors,5.8,51.9,44.2,3,0,0
887,Male,35,Masters,18.9,43.7,55.5,2,0,0
888,Male,34,Bachelors,12.6,54.9,61.6,1,1,0
889,Male,27,Bachelors,4.2,58.4,51.4,3,1,0
890,Female,30,PhD,12.3,48.0,53.3,1,1,0
891,Male,38,Bachelors,17.6,59.5,38.0,3,1,0
892,Female,34,PhD,14.3,42.8,63.7,3,0,0
893,Male,22,Bachelors,0.7,55.8,50.4,3,0,0
894,Male,35,Masters,13.3,84.6,75.1,3,1,0
895,Female,24,PhD,2.6,74.2,52.7,2,1,0
896,Female,40,Bachelors,15.8,71.4,61.3,3,1,0
897,Male,38,PhD,16.8,56.0,56.4,2,0,0
898,Male,33,Bachelors,12.7,49.0,55.8,2,0,0
899,Male,32,Masters,15.3,54.2,64.6,2,1,0
900,Female,30,Bachelors,9.2,68.4,83.9,1,1,1
901,Male,35,Bachelors,8.6,80.3,82.0,1,0,0
902,Male,29,Masters,7.8,80.7,84.9,1,1,0
903,Male,33,Bachelors,18.3,77.2,88.8,1,0,0
904,Male,37,Bachelors,18.0,59.4,68.5,2,1,0
905,Female,27,Bachelors,4.1,69.3,66.7,3,0,0
906,Female,27,Masters,7.4,64.8,76.7,2,1,0
907,Male,23,Bachelors,0.3,66.4,78.4,3,0,0
908,Male,24,Masters,0.0,95.5,89.3,3,0,0
909,Male,21,PhD,0.0,46.1,36.9,3,0,0
910,Male,36,Bachelors,15.2,65.9,55.1,2,0,0
911,Female,43,Bachelors,17.7,84.8,72.3,3,0,1
912,Female,40,Masters,16.4,49.9,65.8,3,1,0
913,Female,21,Bachelors,0.0,60.6,62.1,3,0,0
914,Female,36,Bachelors,14.1,62.1,76.8,3,1,0
915,Female,40,Masters,19.9,66.1,81.1,2,0,0
916,Female,28,Bachelors,4.2,48.3,70.0,2,0,0
917,Male,32,Bachelors,12.6,76.7,85.7,3,0,0
918,Male,21,Masters,0.0,77.7,59.3,2,0,0
919,Male,33,Bachelors,15.8,75.6,76.4,3,0,0
920,Female,24,Bachelors,0.0,57.7,53.4,1,1,0
921,Male,32,Bachelors,8.5,70.1,47.8,1,1,0
922,Female,21,Masters,1.0,57.3,57.1,2,0,0
923,Female,35,Masters,17.8,64.7,80.5,1,1,0
924,Female,38,Bachelors,17.7,97.0,87.9,3,0,0
925,Male,26,Bachelors,6.3,70.2,91.8,1,0,0
926,Male,24,Bachelors,3.0,53.6,60.6,3,0,0
927,Male,21,Bachelors,0.0,71.3,97.6,2,0,1
928,Female,29,Bachelors,6.9,51.4,59.4,3,0,0
929,Female,27,PhD,3.2,53.4,58.6,2,0,0
930,Female,21,Bachelors,0.0,55.5,44.2,1,0,0
931,Male,34,Masters,13.9,63.2,77.1,1,0,0
932,Male,28,Bachelors,4.4,81.2,67.6,2,0,0
933,Male,24,Bachelors,3.7,76.5,63.3,3,0,0
934,Female,27,Bachelors,3.0,75.8,86.1,3,0,1
935,Female,38,Bachelors,17.7,54.7,73.0,2,1,0
936,Male,35,Masters,12.9,62.0,76.7,2,0,0
937,Female,30,PhD,12.2,72.5,64.5,1,0,0
938,Male,35,Masters,14.7,60.8,61.8,2,0,0
939,Female,23,Bachelors,4.8,65.4,64.3,2,0,0
940,Male,31,Masters,8.3,74.7,79.5,2,0,0
941,Male,32,Bachelors,11.1,64.5,83.1,2,1,0
942,Female,28,PhD,4.7,71.9,73.0,3,0,0
943,Male,34,Bachelors,12.0,89.7,100.0,1,0,0
944,Male,26,Bachelors,4.4,66.8,76.5,1,0,0
945,Male,34,Bachelors,11.3,84.3,72.5,1,0,0
946,Male,35,Bachelors,11.2,76.3,80.9,1,0,0
947,Female,21,Bachelors,0.0,49.9,76.9,1,0,0
948,Female,39,PhD,12.6,54.7,83.1,2,1,0
949,Female,21,Masters,0.0,58.2,75.3,1,0,0
950,Male,27,PhD,7.4,57.9,61.2,3,0,0
951,Female,38,Bachelors,13.3,67.8,63.7,3,0,0
952,Male,29,Bachelors,4.9,77.0,78.3,3,1,0
953,Male,21,Bachelors,4.1,85.3,96.0,2,0,0
954,Male,24,Bachelors,1.5,73.0,74.4,1,0,0
955,Female,38,Bachelors,17.7,63.2,69.2,1,1,0
956,Female,21,Bachelors,1.5,41.9,52.7,1,0,0
957,Female,38,Bachelors,18.5,69.9,63.5,3,1,0
958,Female,31,Bachelors,6.5,69.3,65.2,3,0,0
959,Male,23,Bachelors,1.5,71.4,69.9,2,0,0
960,Female,27,Masters,2.3,96.4,100.0,2,1,0
961,Female,24,Bachelors,8.6,85.1,72.9,2,0,1
962,Male,37,PhD,12.3,79.2,73.2,2,0,0
963,Male,36,Bachelors,12.6,56.5,49.7,3,0,0
964,Male,21,Masters,0.0,62.3,71.9,1,0,0
965,Female,28,Masters,3.6,67.8,82.7,2,1,0
966,Male,25,Masters,7.1,58.9,80.9,2,0,0
967,Female,39,Masters,23.6,75.5,73.0,1,1,0
968,Male,22,Masters,0.0,73.6,76.4,2,0,0
969,Female,41,Masters,17.0,54.9,57.4,3,0,0
970,Male,31,Bachelors,4.9,84.6,81.9,1,0,1
971,Male,23,Bachelors,1.4,70.3,71.4,2,0,0
972,Male,27,Masters,5.3,46.5,55.3,2,1,0
973,Male,26,Bachelors,3.5,68.3,68.2,1,0,0
974,Female,23,Bachelors,2.5,72.7,74.4,1,0,0
975,Male,32,Bachelors,11.9,81.6,70.4,2,0,0
976,Female,23,Bachelors,2.7,64.6,61.6,1,0,0
977,Male,21,Bachelors,0.0,79.8,93.4,2,1,0
978,Male,29,Masters,5.5,71.4,100.0,3,0,0
979,Female,21,Masters,1.5,51.9,43.1,3,0,0
980,Male,26,Masters,5.0,50.6,41.7,3,0,0
981,Female,25,Bachelors,6.0,83.6,63.5,2,0,0
982,Female,25,Bachelors,5.8,84.5,74.2,3,1,0
983,Female,44,Bachelors,19.7,73.2,80.0,2,0,0
984,Male,31,Bachelors,6.7,88.4,84.7,1,0,0
985,Male,33,Masters,10.3,82.7,76.5,2,0,0
986,Female,21,Bachelors,0.0,77.9,78.2,2,0,0
987,Male,27,PhD,7.7,57.2,52.2,3,1,0
988,Male,32,Bachelors,11.8,91.5,76.4,2,0,0
989,Male,24,Masters,5.5,76.0,70.6,1,0,0
990,Female,37,Bachelors,16.9,64.0,45.2,3,0,0
991,Female,23,Bachelors,2.5,60.3,48.2,1,1,0
992,Female,29,Masters,10.8,72.3,55.3,3,1,0
993,Female,27,Bachelors,7.1,47.3,64.2,3,0,0
994,Male,32,Masters,11.2,78.1,74.9,3,0,0
995,Female,27,Bachelors,9.4,56.6,67.5,3,0,0
996,Male,29,Bachelors,8.3,73.8,47.5,1,0,0
997,Female,29,Bachelors,7.3,62.2,45.4,2,0,0
998,Male,26,Masters,3.1,65.6,73.0,3,1,0
999,Female,34,Bachelors,14.6,59.2,28.2,3,1,0
1000,Male,33,Masters,14.8,66.9,80.5,2,0,0
